[
  {
    "id": 1,
    "title": "Quick CSS Tip: Center Any Div",
    "videoUrl": "https://commondatastorage.googleapis.com/gtv-videos-bucket/sample/BigBuckBunny.mp4",
    "avatar": "https://images.pexels.com/photos/220453/pexels-photo-220453.jpeg?auto=compress&cs=tinysrgb&w=150",
    "channel": "CSS Quick Tips",
    "likes": 1250,
    "views": "45K"
  },
  {
    "id": 2,
    "title": "JavaScript Arrow Functions in 60 Seconds",
    "videoUrl": "https://commondatastorage.googleapis.com/gtv-videos-bucket/sample/ElephantsDream.mp4",
    "avatar": "https://images.pexels.com/photos/1239291/pexels-photo-1239291.jpeg?auto=compress&cs=tinysrgb&w=150",
    "channel": "JS Minute",
    "likes": 892,
    "views": "32K"
  },
  {
    "id": 3,
    "title": "React Hook Explained Simply",
    "videoUrl": "https://commondatastorage.googleapis.com/gtv-videos-bucket/sample/ForBiggerBlazes.mp4",
    "avatar": "https://images.pexels.com/photos/1181690/pexels-photo-1181690.jpeg?auto=compress&cs=tinysrgb&w=150",
    "channel": "React Shorts",
    "likes": 2104,
    "views": "78K"
  },
  {
    "id": 4,
    "title": "Git Commands Every Developer Needs",
    "videoUrl": "https://commondatastorage.googleapis.com/gtv-videos-bucket/sample/ForBiggerEscapes.mp4",
    "avatar": "https://images.pexels.com/photos/1043471/pexels-photo-1043471.jpeg?auto=compress&cs=tinysrgb&w=150",
    "channel": "Git Guru",
    "likes": 1567,
    "views": "56K"
  },
  {
    "id": 5,
    "title": "API Call in 30 Seconds",
    "videoUrl": "https://commondatastorage.googleapis.com/gtv-videos-bucket/sample/ForBiggerFun.mp4",
    "avatar": "https://images.pexels.com/photos/614810/pexels-photo-614810.jpeg?auto=compress&cs=tinysrgb&w=150",
    "channel": "API Express",
    "likes": 743,
    "views": "23K"
  }
]