[
  {
    "id": 1,
    "title": "React Tutorial for Beginners - Complete Course",
    "thumbnail": "https://images.pexels.com/photos/11035471/pexels-photo-11035471.jpeg?auto=compress&cs=tinysrgb&w=800",
    "videoUrl": "https://commondatastorage.googleapis.com/gtv-videos-bucket/sample/BigBuckBunny.mp4",
    "avatar": "https://images.pexels.com/photos/220453/pexels-photo-220453.jpeg?auto=compress&cs=tinysrgb&w=150",
    "channel": "CodeWithSayyor",
    "views": "1.2M",
    "uploadDate": "2 days ago",
    "duration": "2:30:15"
  },
  {
    "id": 2,
    "title": "JavaScript ES6 Features Every Developer Should Know",
    "thumbnail": "https://images.pexels.com/photos/11035380/pexels-photo-11035380.jpeg?auto=compress&cs=tinysrgb&w=800",
    "videoUrl": "https://commondatastorage.googleapis.com/gtv-videos-bucket/sample/ElephantsDream.mp4",
    "avatar": "https://images.pexels.com/photos/1239291/pexels-photo-1239291.jpeg?auto=compress&cs=tinysrgb&w=150",
    "channel": "JavaScript Master",
    "views": "856K",
    "uploadDate": "1 week ago",
    "duration": "45:20"
  },
  {
    "id": 3,
    "title": "Building Modern Web Apps with React Hooks",
    "thumbnail": "https://images.pexels.com/photos/270348/pexels-photo-270348.jpeg?auto=compress&cs=tinysrgb&w=800",
    "videoUrl": "https://commondatastorage.googleapis.com/gtv-videos-bucket/sample/ForBiggerBlazes.mp4",
    "avatar": "https://images.pexels.com/photos/1181690/pexels-photo-1181690.jpeg?auto=compress&cs=tinysrgb&w=150",
    "channel": "React Academy",
    "views": "542K",
    "uploadDate": "3 days ago",
    "duration": "1:15:30"
  },
  {
    "id": 4,
    "title": "CSS Grid vs Flexbox - When to Use Each",
    "thumbnail": "https://images.pexels.com/photos/546819/pexels-photo-546819.jpeg?auto=compress&cs=tinysrgb&w=800",
    "videoUrl": "https://commondatastorage.googleapis.com/gtv-videos-bucket/sample/ForBiggerEscapes.mp4",
    "avatar": "https://images.pexels.com/photos/1043471/pexels-photo-1043471.jpeg?auto=compress&cs=tinysrgb&w=150",
    "channel": "CSS Wizards",
    "views": "723K",
    "uploadDate": "5 days ago",
    "duration": "28:45"
  },
  {
    "id": 5,
    "title": "Node.js Express Server Tutorial",
    "thumbnail": "https://images.pexels.com/photos/1181244/pexels-photo-1181244.jpeg?auto=compress&cs=tinysrgb&w=800",
    "videoUrl": "https://commondatastorage.googleapis.com/gtv-videos-bucket/sample/ForBiggerFun.mp4",
    "avatar": "https://images.pexels.com/photos/1181263/pexels-photo-1181263.jpeg?auto=compress&cs=tinysrgb&w=150",
    "channel": "Backend Basics",
    "views": "445K",
    "uploadDate": "1 week ago",
    "duration": "52:10"
  },
  {
    "id": 6,
    "title": "MongoDB Database Design Best Practices",
    "thumbnail": "https://images.pexels.com/photos/1181677/pexels-photo-1181677.jpeg?auto=compress&cs=tinysrgb&w=800",
    "videoUrl": "https://commondatastorage.googleapis.com/gtv-videos-bucket/sample/ForBiggerJoyrides.mp4",
    "avatar": "https://images.pexels.com/photos/614810/pexels-photo-614810.jpeg?auto=compress&cs=tinysrgb&w=150",
    "channel": "Database Pro",
    "views": "337K",
    "uploadDate": "4 days ago",
    "duration": "1:05:25"
  },
  {
    "id": 7,
    "title": "Git and GitHub Workflow for Teams",
    "thumbnail": "https://images.pexels.com/photos/1181359/pexels-photo-1181359.jpeg?auto=compress&cs=tinysrgb&w=800",
    "videoUrl": "https://commondatastorage.googleapis.com/gtv-videos-bucket/sample/ForBiggerMeltdowns.mp4",
    "avatar": "https://images.pexels.com/photos/1040880/pexels-photo-1040880.jpeg?auto=compress&cs=tinysrgb&w=150",
    "channel": "Dev Workflow",
    "views": "612K",
    "uploadDate": "6 days ago",
    "duration": "35:18"
  },
  {
    "id": 8,
    "title": "API Testing with Postman - Complete Guide",
    "thumbnail": "https://images.pexels.com/photos/1181406/pexels-photo-1181406.jpeg?auto=compress&cs=tinysrgb&w=800",
    "videoUrl": "https://commondatastorage.googleapis.com/gtv-videos-bucket/sample/Sintel.mp4",
    "avatar": "https://images.pexels.com/photos/1239291/pexels-photo-1239291.jpeg?auto=compress&cs=tinysrgb&w=150",
    "channel": "API Testing Hub",
    "views": "289K",
    "uploadDate": "2 weeks ago",
    "duration": "42:33"
  },
  {
    "id": 9,
    "title": "Docker Containers for Web Developers",
    "thumbnail": "https://images.pexels.com/photos/1181298/pexels-photo-1181298.jpeg?auto=compress&cs=tinysrgb&w=800",
    "videoUrl": "https://commondatastorage.googleapis.com/gtv-videos-bucket/sample/TearsOfSteel.mp4",
    "avatar": "https://images.pexels.com/photos/1043471/pexels-photo-1043471.jpeg?auto=compress&cs=tinysrgb&w=150",
    "channel": "DevOps Master",
    "views": "456K",
    "uploadDate": "1 week ago",
    "duration": "1:22:45"
  },
  {
    "id": 10,
    "title": "TypeScript vs JavaScript - Pros and Cons",
    "thumbnail": "https://images.pexels.com/photos/1181346/pexels-photo-1181346.jpeg?auto=compress&cs=tinysrgb&w=800",
    "videoUrl": "https://commondatastorage.googleapis.com/gtv-videos-bucket/sample/VolkswagenGTIReview.mp4",
    "avatar": "https://images.pexels.com/photos/1181690/pexels-photo-1181690.jpeg?auto=compress&cs=tinysrgb&w=150",
    "channel": "Type Safe Dev",
    "views": "734K",
    "uploadDate": "3 days ago",
    "duration": "38:12"
  }
]