[
  {
    "id": "s1",
    "title": "Quick Recipe: 30 Second Pasta",
    "video": "https://www.w3schools.com/html/mov_bbb.mp4",
    "thumbnail": "https://images.pexels.com/photos/1279330/pexels-photo-1279330.jpeg?auto=compress&cs=tinysrgb&w=400&h=700&dpr=1",
    "avatar": "https://images.pexels.com/photos/1222271/pexels-photo-1222271.jpeg?auto=compress&cs=tinysrgb&w=100",
    "channel": "Quick Cook",
    "likes": "25K",
    "views": "1.2M",
    "duration": "0:30"
  },
  {
    "id": "s2",
    "title": "Amazing Magic Trick",
    "video": "https://www.w3schools.com/html/movie.mp4",
    "thumbnail": "https://images.pexels.com/photos/269077/pexels-photo-269077.jpeg?auto=compress&cs=tinysrgb&w=400&h=700&dpr=1",
    "avatar": "https://images.pexels.com/photos/614810/pexels-photo-614810.jpeg?auto=compress&cs=tinysrgb&w=100",
    "channel": "Magic Mike",
    "likes": "18K",
    "views": "890K",
    "duration": "0:45"
  },
  {
    "id": "s3",
    "title": "Dance Challenge 2024",
    "video": "https://www.w3schools.com/html/mov_bbb.mp4",
    "thumbnail": "https://images.pexels.com/photos/1701194/pexels-photo-1701194.jpeg?auto=compress&cs=tinysrgb&w=400&h=700&dpr=1",
    "avatar": "https://images.pexels.com/photos/1043471/pexels-photo-1043471.jpeg?auto=compress&cs=tinysrgb&w=100",
    "channel": "Dance Studio",
    "likes": "42K",
    "views": "2.3M",
    "duration": "0:60"
  },
  {
    "id": "s4",
    "title": "Life Hack: Organization",
    "video": "https://www.w3schools.com/html/movie.mp4",
    "thumbnail": "https://images.pexels.com/photos/1181686/pexels-photo-1181686.jpeg?auto=compress&cs=tinysrgb&w=400&h=700&dpr=1",
    "avatar": "https://images.pexels.com/photos/697509/pexels-photo-697509.jpeg?auto=compress&cs=tinysrgb&w=100",
    "channel": "Life Hacks",
    "likes": "12K",
    "views": "450K",
    "duration": "0:40"
  },
  {
    "id": "s5",
    "title": "Funny Pet Moment",
    "video": "https://www.w3schools.com/html/mov_bbb.mp4",
    "thumbnail": "https://images.pexels.com/photos/1851164/pexels-photo-1851164.jpeg?auto=compress&cs=tinysrgb&w=400&h=700&dpr=1",
    "avatar": "https://images.pexels.com/photos/220453/pexels-photo-220453.jpeg?auto=compress&cs=tinysrgb&w=100",
    "channel": "Pet Lover",
    "likes": "35K",
    "views": "1.8M",
    "duration": "0:35"
  }
]