[
  {
    "id": "1",
    "title": "Amazing Nature Documentary",
    "thumbnail": "https://images.pexels.com/photos/417074/pexels-photo-417074.jpeg?auto=compress&cs=tinysrgb&w=1260&h=750&dpr=1",
    "video": "https://www.w3schools.com/html/mov_bbb.mp4",
    "avatar": "https://images.pexels.com/photos/614810/pexels-photo-614810.jpeg?auto=compress&cs=tinysrgb&w=100",
    "channel": "Nature Explorer",
    "views": "2.5M",
    "date": "2 days ago",
    "duration": "12:34"
  },
  {
    "id": "2",
    "title": "Cooking Masterclass: Italian Cuisine",
    "thumbnail": "https://images.pexels.com/photos/1640777/pexels-photo-1640777.jpeg?auto=compress&cs=tinysrgb&w=1260&h=750&dpr=1",
    "video": "https://www.w3schools.com/html/movie.mp4",
    "avatar": "https://images.pexels.com/photos/1222271/pexels-photo-1222271.jpeg?auto=compress&cs=tinysrgb&w=100",
    "channel": "Chef Marco",
    "views": "1.8M",
    "date": "1 week ago",
    "duration": "15:22"
  },
  {
    "id": "3",
    "title": "Technology Review 2024",
    "thumbnail": "https://images.pexels.com/photos/356056/pexels-photo-356056.jpeg?auto=compress&cs=tinysrgb&w=1260&h=750&dpr=1",
    "video": "https://www.w3schools.com/html/mov_bbb.mp4",
    "avatar": "https://images.pexels.com/photos/220453/pexels-photo-220453.jpeg?auto=compress&cs=tinysrgb&w=100",
    "channel": "Tech Reviewer",
    "views": "3.2M",
    "date": "3 days ago",
    "duration": "18:45"
  },
  {
    "id": "4",
    "title": "Travel Guide: Beautiful Mountains",
    "thumbnail": "https://images.pexels.com/photos/1366919/pexels-photo-1366919.jpeg?auto=compress&cs=tinysrgb&w=1260&h=750&dpr=1",
    "video": "https://www.w3schools.com/html/movie.mp4",
    "avatar": "https://images.pexels.com/photos/697509/pexels-photo-697509.jpeg?auto=compress&cs=tinysrgb&w=100",
    "channel": "Travel Blogger",
    "views": "890K",
    "date": "5 days ago",
    "duration": "10:12"
  },
  {
    "id": "5",
    "title": "Fitness Workout Routine",
    "thumbnail": "https://images.pexels.com/photos/416809/pexels-photo-416809.jpeg?auto=compress&cs=tinysrgb&w=1260&h=750&dpr=1",
    "video": "https://www.w3schools.com/html/mov_bbb.mp4",
    "avatar": "https://images.pexels.com/photos/1043471/pexels-photo-1043471.jpeg?auto=compress&cs=tinysrgb&w=100",
    "channel": "Fitness Pro",
    "views": "1.5M",
    "date": "1 day ago",
    "duration": "22:30"
  },
  {
    "id": "6",
    "title": "Music Production Tutorial",
    "thumbnail": "https://images.pexels.com/photos/164938/pexels-photo-164938.jpeg?auto=compress&cs=tinysrgb&w=1260&h=750&dpr=1",
    "video": "https://www.w3schools.com/html/movie.mp4",
    "avatar": "https://images.pexels.com/photos/1190297/pexels-photo-1190297.jpeg?auto=compress&cs=tinysrgb&w=100",
    "channel": "Music Producer",
    "views": "750K",
    "date": "4 days ago",
    "duration": "16:20"
  },
  {
    "id": "7",
    "title": "Art Painting Techniques",
    "thumbnail": "https://images.pexels.com/photos/1183992/pexels-photo-1183992.jpeg?auto=compress&cs=tinysrgb&w=1260&h=750&dpr=1",
    "video": "https://www.w3schools.com/html/mov_bbb.mp4",
    "avatar": "https://images.pexels.com/photos/774909/pexels-photo-774909.jpeg?auto=compress&cs=tinysrgb&w=100",
    "channel": "Art Studio",
    "views": "420K",
    "date": "6 days ago",
    "duration": "25:15"
  },
  {
    "id": "8",
    "title": "Gaming Review: Latest RPG",
    "thumbnail": "https://images.pexels.com/photos/442576/pexels-photo-442576.jpeg?auto=compress&cs=tinysrgb&w=1260&h=750&dpr=1",
    "video": "https://www.w3schools.com/html/movie.mp4",
    "avatar": "https://images.pexels.com/photos/1239291/pexels-photo-1239291.jpeg?auto=compress&cs=tinysrgb&w=100",
    "channel": "Game Reviewer",
    "views": "2.1M",
    "date": "2 days ago",
    "duration": "28:40"
  },
  {
    "id": "9",
    "title": "Science Experiment Fun",
    "thumbnail": "https://images.pexels.com/photos/2280571/pexels-photo-2280571.jpeg?auto=compress&cs=tinysrgb&w=1260&h=750&dpr=1",
    "video": "https://www.w3schools.com/html/mov_bbb.mp4",
    "avatar": "https://images.pexels.com/photos/1181686/pexels-photo-1181686.jpeg?auto=compress&cs=tinysrgb&w=100",
    "channel": "Science Lab",
    "views": "1.2M",
    "date": "1 week ago",
    "duration": "14:55"
  },
  {
    "id": "10",
    "title": "Photography Tips and Tricks",
    "thumbnail": "https://images.pexels.com/photos/90946/pexels-photo-90946.jpeg?auto=compress&cs=tinysrgb&w=1260&h=750&dpr=1",
    "video": "https://www.w3schools.com/html/movie.mp4",
    "avatar": "https://images.pexels.com/photos/1181690/pexels-photo-1181690.jpeg?auto=compress&cs=tinysrgb&w=100",
    "channel": "Photo Master",
    "views": "980K",
    "date": "3 days ago",
    "duration": "19:33"
  }
]